1|Yasin|Ikta|24|Erkek|205|70|05394670523|23pwrpc23@gmail.com|07.01.1997
2|Ahmet|愲inci|22|ERkek|183|85|05394670523|23pwrpc23@gmail.com|27.07.1999
3|Ahmet Yusuf|Birinci|24|Erkek|184|70|05394670523|23pwrpc23@gmail.com|07.01.1997
4|Rabia|Ertem|24|Kadn|180|70|05394670523|23pwrpc23@gmail.com|07.01.1997
444444|Werwerwer|Birinci|45|Erkek|186|20|0321848245|email@mail.com|15 May覺s 2021 Cumartesi
5555555555555555|Fgdfgdfg|Birinci|45|Erkek|186|20|0321848245|email@mail.com|15 May覺s 2021 Cumartesi
5555555555555555|Fgdfgdfg|Birinci|45|Erkek|186|20|0321848245|email@mail.com|15 May覺s 2021 Cumartesi
5555555555555555|Fgdfgdfg|Birinci|45|Erkek|186|20|0321848245|email@mail.com|15 May覺s 2021 Cumartesi
123123123|Erwerwer|Birinci|45|Erkek|186|20|0321848245|email@mail.com|15 May覺s 2021 Cumartesi
123123123|Erwerwer|Birinci|45|Erkek|186|20|0321848245|email@mail.com|15 May覺s 2021 Cumartesi
123123123|Erwerwer|Birinci|45|Erkek|186|20|0321848245|email@mail.com|15 May覺s 2021 Cumartesi
123123123|Erwerwer|Birinci|45|Erkek|186|20|0321848245|email@mail.com|15 May覺s 2021 Cumartesi
123123123|Erwerwer|Birinci|45|Erkek|186|20|0321848245|email@mail.com|15 May覺s 2021 Cumartesi
123123123|Erwerwer|Birinci|45|Erkek|186|20|0321848245|email@mail.com|15 May覺s 2021 Cumartesi
